신호,뒤,건수,평균%,중앙%,오를 확률,전체 평균%,전체 오를 확률
매수벽 생김(2배·1억),5분,652,0.1,0.0,0.45,0.015,0.42
매수벽 생김(2배·1억),15분,442,0.112,0.075,0.53,0.047,0.47
매수벽 생김(2배·1억),30분,179,0.159,0.0,0.46,-0.047,0.42
매도벽 생김(2배·1억),5분,345,0.029,0.0,0.38,0.015,0.42
매도벽 생김(2배·1억),15분,194,-0.009,-0.026,0.38,0.047,0.47
매도벽 생김(2배·1억),30분,35,-0.209,-0.115,0.31,-0.047,0.42
5분 매수 체결 2배↑(1억↑),5분,1005,0.005,0.0,0.42,0.015,0.42
5분 매수 체결 2배↑(1억↑),15분,674,-0.031,-0.11,0.43,0.047,0.47
5분 매수 체결 2배↑(1억↑),30분,245,0.135,0.0,0.48,-0.047,0.42
5분 매도 체결 2배↑(1억↑),5분,1414,0.054,0.0,0.46,0.015,0.42
5분 매도 체결 2배↑(1억↑),15분,1013,0.149,0.101,0.53,0.047,0.47
5분 매도 체결 2배↑(1억↑),30분,409,0.119,0.0,0.47,-0.047,0.42
잔량비 2 이상(매수 대기 2배),5분,11064,0.047,0.0,0.45,0.015,0.42
잔량비 2 이상(매수 대기 2배),15분,8007,0.095,0.041,0.51,0.047,0.47
잔량비 2 이상(매수 대기 2배),30분,3597,-0.025,0.0,0.44,-0.047,0.42
잔량비 0.5 이하,5분,3275,-0.04,0.0,0.38,0.015,0.42
잔량비 0.5 이하,15분,2127,-0.042,0.0,0.43,0.047,0.47
잔량비 0.5 이하,30분,813,-0.222,-0.2,0.36,-0.047,0.42
매수벽 ≥ 5분 거래대금 3배,5분,2545,0.015,0.0,0.35,0.015,0.42
매수벽 ≥ 5분 거래대금 3배,15분,1919,0.072,0.0,0.43,0.047,0.47
매수벽 ≥ 5분 거래대금 3배,30분,1017,0.02,0.0,0.42,-0.047,0.42
매도벽 ≥ 5분 거래대금 3배,5분,1158,-0.024,0.0,0.3,0.015,0.42
매도벽 ≥ 5분 거래대금 3배,15분,837,0.026,0.0,0.37,0.047,0.47
매도벽 ≥ 5분 거래대금 3배,30분,407,-0.003,-0.115,0.34,-0.047,0.42
